Category,Title,Exp_Years,Key_Skills,Location,Salary_Min,Salary_Max,Employment,Remote,Summary
Фронтенд-разработчик,Frontend Developer,5,"HTML, CSS, JavaScript, React, Vue.js, Angular, Redux, Sass",Москва,80000,150000,Полная,Да,"Опыт создания адаптивных интерфейсов. Работа с современными фреймворками. Оптимизация производительности."
Фронтенд-разработчик,Senior Frontend Developer,6,"React, Vue.js, Angular, Redux, Vuex, Webpack, Babel",Санкт-Петербург,120000,200000,Полная,Гибрид,"Ведущий разработчик. Архитектура SPA. Управление состоянием приложения."
Фронтенд-разработчик,Frontend Developer,4,"HTML, CSS, JavaScript, React, Vue.js, Angular, Material-UI, Bootstrap",Москва,70000,130000,Полная,Да,"Разработка динамических приложений. UI/UX принципы. Адаптивный дизайн."
Фронтенд-разработчик,Frontend Developer,4,"HTML, CSS, JavaScript, React.js, Vue.js, Redux, Vuex, Git",Регионы,60000,110000,Полная,Удалённо,"Pixel-perfect вёрстка. State management. Контроль версий."
Фронтенд-разработчик,Frontend Developer,5,"HTML, CSS, JavaScript, React.js, Angular, Redux, REST API",Москва,85000,155000,Полная,Гибрид,"Интеграция с бэкендом. Управление состоянием. Кроссбраузерность."
Фронтенд-разработчик,Frontend Developer,4,"HTML, CSS, JavaScript, React.js, Vue.js, Svelte, Styled-Components",Санкт-Петербург,75000,140000,Полная,Да,"Современные фреймворки. CSS-in-JS. Адаптивность."
Бэкенд-разработчик,Backend Developer,7,"Node.js, Express.js, MongoDB, PostgreSQL, MySQL, AWS, Azure",Москва,100000,180000,Полная,Да,"RESTful API. Микросервисы. Облачные технологии."
Бэкенд-разработчик,Senior Backend Developer,8,"Node.js, Express.js, MongoDB, PostgreSQL, JWT, OAuth, AWS",Москва,150000,250000,Полная,Гибрид,"Архитектура серверных решений. Аутентификация. Масштабирование."
Бэкенд-разработчик,Backend Developer,5,"Node.js, Flask, Django, Express.js, MySQL, PostgreSQL, Redis, Kafka",Санкт-Петербург,90000,160000,Полная,Да,"REST API. Message brokers. Контейнеризация."
Бэкенд-разработчик,Backend Developer,6,"Node.js, Flask, MySQL, MongoDB, Redis, AWS, Azure",Регионы,80000,145000,Полная,Удалённо,"Серверные решения. Облачные платформы. Оптимизация."
Бэкенд-разработчик,Backend Developer,7,"Node.js, Express.js, Flask, PostgreSQL, MongoDB, Redis, AWS",Москва,110000,190000,Полная,Гибрид,"Микросервисы. Базы данных. Cloud-native технологии."
Python-разработчик,Python Developer,4,"Python, Django, Flask, PostgreSQL, MySQL, MongoDB, NumPy, Pandas",Москва,75000,140000,Полная,Да,"RESTful API. Веб-сервисы. Анализ данных."
Python-разработчик,Senior Python Developer,6,"Python, Django, Flask, PostgreSQL, MySQL, MongoDB, Redis, asyncio",Санкт-Петербург,120000,200000,Полная,Гибрид,"Асинхронное программирование. Высокая производительность. Cloud."
Python-разработчик,Python Developer,5,"Python, Django, Flask, PostgreSQL, MySQL, MongoDB, Redis, Pandas",Москва,90000,165000,Полная,Да,"Бэкенд разработка. Data engineering. Автоматизация."
Python-разработчик,Python Developer,4,"Python, Flask, Django, PostgreSQL, MySQL, MongoDB, Docker, Kubernetes",Регионы,70000,130000,Полная,Удалённо,"Микросервисы. Контейнеризация. REST API."
Python-разработчик,Python Developer,6,"Python, Django, Flask, PostgreSQL, MySQL, asyncio, Pandas, NumPy",Москва,100000,180000,Полная,Гибрид,"Высокопроизводительные сервисы. Анализ данных. Cloud."
Data Scientist,Data Scientist,6,"Python, R, TensorFlow, scikit-learn, PyTorch, Hadoop, Spark",Москва,130000,230000,Полная,Гибрид,"Машинное обучение. Большие данные. Визуализация."
Data Scientist,Senior Data Scientist,7,"Python, R, TensorFlow, scikit-learn, PyTorch, Matplotlib, Seaborn",Санкт-Петербург,160000,280000,Полная,Да,"Предиктивные модели. Статистический анализ. Production ML."
Data Scientist,Data Scientist,5,"Python, R, TensorFlow, scikit-learn, PyTorch, Docker, Kubernetes",Москва,110000,200000,Полная,Гибрид,"ML модели. Контейнеризация. Распределённые вычисления."
Data Scientist,Data Scientist,7,"Python, R, scikit-learn, TensorFlow, PyTorch, Docker, Kubernetes",Москва,140000,240000,Полная,Да,"Data manipulation. Model deployment. Big Data."
Data Scientist,Data Scientist,4,"Python, R, pandas, NumPy, Matplotlib, scikit-learn, TensorFlow, AWS",Регионы,90000,160000,Полная,Удалённо,"Статистический анализ. ML модели. Cloud платформы."
Data Scientist,Data Scientist,5,"Python, R, pandas, NumPy, Matplotlib, scikit-learn, TensorFlow, Git",Москва,120000,210000,Полная,Гибрид,"Data-driven решения. Version control. Production."
Full Stack разработчик,Full Stack Developer,2,"JavaScript, Python, React.js, Vue.js, Node.js, Flask, MySQL, MongoDB",Москва,70000,130000,Полная,Да,"Full stack разработка. MVP. Blockchain проекты."
Full Stack разработчик,Full Stack Developer,2,"Python, JavaScript, Java, React.js, Angular, Node.js, Django, MySQL",Санкт-Петербург,75000,140000,Полная,Гибрид,"Frontend + Backend. Социальные платформы. Cloud."
Full Stack разработчик,Full Stack Developer,3,"HTML, CSS, JavaScript, Python, React.js, Node.js, Flask, MongoDB",Москва,80000,150000,Полная,Да,"End-to-end приложения. REST API. Оптимизация."
Full Stack разработчик,Full Stack Developer,3,"HTML, CSS, JavaScript, React.js, Vue.js, Node.js, Express.js, PostgreSQL",Регионы,75000,140000,Полная,Удалённо,"E-commerce платформы. Аутентификация. CI/CD."
Full Stack разработчик,Full Stack Developer,4,"HTML, CSS, JavaScript, Python, React.js, Angular, Node.js, Django",Москва,90000,170000,Полная,Гибрид,"Масштабируемые приложения. GraphQL. Security."
Full Stack разработчик,Full Stack Developer,3,"HTML, CSS, JavaScript, Python, React.js, Vue.js, Node.js, Flask",Санкт-Петербург,85000,160000,Полная,Да,"SaaS приложения. Data visualization. Payment integration."
Мобильный разработчик,Mobile Developer (iOS/Android),3,"Swift, Objective-C, Java, Kotlin, SwiftUI, UIKit, Firebase",Москва,100000,180000,Полная,Гибрид,"Нативная разработка. Real-time messaging. Location services."
Мобильный разработчик,Mobile Developer (iOS/Android),3,"Swift, Objective-C, Java, Kotlin, Xcode, Android Studio, CoreData",Санкт-Петербург,95000,170000,Полная,Да,"UI/UX дизайн. Responsive layouts. Push notifications."
Мобильный разработчик,Mobile Developer (iOS/Android),4,"Swift, Objective-C, Java, Kotlin, SwiftUI, Jetpack, Flutter, Google Maps",Москва,110000,195000,Полная,Гибрид,"E-commerce apps. Payment integration. Real-time tracking."
Мобильный разработчик,Mobile Developer (iOS/Android),3,"Swift, Objective-C, Java, Kotlin, Firebase, SDK, API, SQLite",Регионы,85000,155000,Полная,Удалённо,"Social media apps. Navigation. Offline mode."
Мобильный разработчик,Mobile Developer (iOS/Android),4,"Swift, Objective-C, Java, Kotlin, Xcode, Android Studio, HealthKit",Москва,105000,190000,Полная,Да,"Fitness tracking. Travel booking. Weather alerts."
Мобильный разработчик,Mobile Developer (iOS/Android),3,"Swift, Objective-C, Java, Kotlin, Core Data, Google Maps, Retrofit",Санкт-Петербург,100000,180000,Полная,Гибрид,"Productivity apps. Food delivery. Offline capabilities."
ML Engineer,Machine Learning Engineer,4,"Python, R, MATLAB, TensorFlow, PyTorch, scikit-learn, CNN, RNN",Москва,140000,240000,Полная,Гибрид,"Sentiment analysis. Computer vision. Recommendation systems."
ML Engineer,Machine Learning Engineer,4,"Python, R, Scala, TensorFlow, Keras, Spark MLlib, SVM",Санкт-Петербург,135000,235000,Полная,Да,"Predictive maintenance. NLP. Customer segmentation."
ML Engineer,Machine Learning Engineer,5,"Python, Java, C++, TensorFlow, PyTorch, scikit-learn, Reinforcement Learning",Москва,150000,260000,Полная,Гибрид,"Time series forecasting. Image classification. Fraud detection."
ML Engineer,Machine Learning Engineer,4,"Python, R, MATLAB, TensorFlow, scikit-learn, XGBoost, NLP",Регионы,120000,210000,Полная,Удалённо,"Sentiment analysis. Object detection. Collaborative filtering."
ML Engineer,Machine Learning Engineer,5,"Python, R, Java, TensorFlow, scikit-learn, Apache Spark, SVM",Москва,145000,250000,Полная,Да,"Predictive maintenance. NLP. Customer segmentation."
ML Engineer,Machine Learning Engineer,4,"Python, R, MATLAB, TensorFlow, PyTorch, scikit-learn, Deep Learning",Санкт-Петербург,140000,245000,Полная,Гибрид,"Time series forecasting. Image classification. Anomaly detection."
Cloud Engineer,Cloud Engineer,4,"AWS, Azure, GCP, Terraform, CloudFormation, Docker, Kubernetes",Москва,130000,230000,Полная,Гибрид,"Cloud infrastructure. CI/CD pipelines. Serverless."
Cloud Engineer,Cloud Engineer,5,"AWS, Azure, GCP, Python, Bash, PowerShell, EC2, S3, RDS",Санкт-Петербург,140000,245000,Полная,Да,"System administration. Disaster recovery. IAM policies."
Cloud Engineer,Cloud Engineer,4,"AWS, Azure, GCP, Terraform, Ansible, Puppet, Kubernetes, Lambda",Москва,135000,240000,Полная,Гибрид,"Cloud-native solutions. Microservices. Monitoring."
Cloud Engineer,Cloud Engineer,5,"AWS, Azure, GCP, Terraform, CloudFormation, Docker, Kubernetes, VPN",Регионы,125000,220000,Полная,Удалённо,"Hybrid cloud. Multi-region failover. Security controls."
Cloud Engineer,Cloud Engineer,5,"AWS, Azure, GCP, Terraform, Ansible, Chef, Docker, Kubernetes, EC2",Москва,145000,255000,Полная,Да,"Cloud-native architecture. Monitoring. Disaster recovery."
Cloud Engineer,Cloud Engineer,4,"AWS, Azure, GCP, Terraform, CloudFormation, Ansible, Kubernetes, ECS",Санкт-Петербург,135000,240000,Полная,Гибрид,"Microservices. Serverless. CI/CD pipelines."